node,MPI_task,Thread,Comm,min,max,avg
1,7,16,0.083397,0.144448,0.164623,0.147274
2,7,16,0.145029,0.070147,0.096524,0.074716
4,7,16,0.012145,0.046544,0.058311,0.049619
8,7,16,0.092052,0.019889,0.050509,0.028692
